{"cameraMode":{"drawMode":0,"name":"Shaded","section":"Shading Mode"},"sceneLighting":false,"audioPlay":false,"sceneViewState":{"showFog":true,"showMaterialUpdate":false,"showSkybox":false,"showFlares":true,"showImageEffects":true,"showParticleSystems":true},"in2DMode":false,"pivot":{"x":-2.450000047683716,"y":5.289999961853027,"z":-9.5600004196167},"rotation":{"x":-0.10661526769399643,"y":-0.8910473585128784,"z":0.2759346663951874,"w":-0.34427890181541445},"size":8.326703071594239,"orthographic":true}