{"cameraMode":{"drawMode":0,"name":"Shaded","section":"Shading Mode"},"sceneLighting":false,"audioPlay":false,"sceneViewState":{"showFog":true,"showMaterialUpdate":false,"showSkybox":false,"showFlares":true,"showImageEffects":true,"showParticleSystems":true},"in2DMode":false,"pivot":{"x":0.8129674792289734,"y":1.766819715499878,"z":1.3289999961853028},"rotation":{"x":-0.10661526769399643,"y":-0.8910473585128784,"z":0.2759346663951874,"w":-0.34427890181541445},"size":1.4289419651031495,"orthographic":true}