{"cameraMode":{"drawMode":0,"name":"Shaded","section":"Shading Mode"},"sceneLighting":false,"audioPlay":false,"sceneViewState":{"showFog":true,"showMaterialUpdate":false,"showSkybox":false,"showFlares":true,"showImageEffects":true,"showParticleSystems":true},"in2DMode":false,"pivot":{"x":-9.4399995803833,"y":3.25,"z":0.47999998927116396},"rotation":{"x":0.10399223864078522,"y":0.6757845878601074,"z":-0.09716970473527909,"w":0.7232280969619751},"size":1.654119849205017,"orthographic":true}